{
  "nodes": [
  {
    "character": "Ahmad Jaya Adiguna",
    "id": 0,
    "influence": 9,
    "zone": 0
  },
  {
    "character": "Monalisa S.Si",
    "id": 1,
    "influence": 9,
    "zone": 0
  },
  {
    "character": "Hj Sarimaya SE",
    "id": 2,
    "influence": 9,
    "zone": 0
  },
  {
    "character": "Sonya Rizky SE",
    "id": 3,
    "influence": 9,
    "zone": 0
  },
  {
    "character": "Ardherisa Marliza",
    "id": 4,
    "influence": 9,
    "zone": 0
  },
  {
    "character": "Hendarsam Marantoko SH",
    "id": 5,
    "influence": 9,
    "zone": 0
  },
  {
    "character": "Drs Muhammad Zubair M.Si.",
    "id": 6,
    "influence": 9,
    "zone": 0
  },
  {
    "character": "Wetmen Sinaga SE.",
    "id": 7,
    "influence": 9,
    "zone": 0
  },
  {
    "character": "Ahmad Hanafi MBA",
    "id": 8,
    "influence": 6,
    "zone": 0
  },
  {
    "character": "Herniati",
    "id": 9,
    "influence": 6,
    "zone": 0
  },
  {
    "character": "Iin Indarwati",
    "id": 10,
    "influence": 6,
    "zone": 0
  },
  {
    "character": "Dwi Priyo Atmojo",
    "id": 11,
    "influence": 6,
    "zone": 0
  },
  {
    "character": "Rizki Nurdia Astuti",
    "id": 12,
    "influence": 6,
    "zone": 0
  },
  {
    "character": "Sri Rayani",
    "id": 13,
    "influence": 6,
    "zone": 0
  },
  {
    "character": "Jessica Herliani Tanoesoedibjo M.I.T.C.L.",
    "id": 14,
    "influence": 6,
    "zone": 0
  },
  {
    "character": "Liliana Tanaja",
    "id": 15,
    "influence": 6,
    "zone": 0
  },
  {
    "character": "Valencia H. Tanoesoedibjo M.A.",
    "id": 16,
    "influence": 6,
    "zone": 0
  },
  {
    "character": "Dyah Roro Esti",
    "id": 17,
    "influence": 3,
    "zone": 3
  },
  {
    "character": "Ir H. S. W. Yudha M.Sc.",
    "id": 18,
    "influence": 3,
    "zone": 0
  },
  {
    "character": "H. Alex Noerdin",
    "id": 19,
    "influence": 3,
    "zone": 3
  },
  {
    "character": "Hj. Lury Elza Alex Noerdin",
    "id": 20,
    "influence": 3,
    "zone": 0
  },
  {
    "character": "H. Agung Widyantoro",
    "id": 21,
    "influence": 3,
    "zone": 3
  },
  {
    "character": "Dewa Taruna Nugraha S.Ked",
    "id": 22,
    "influence": 3,
    "zone": 0
  },
  {
    "character": "Hanna Gayatri",
    "id": 23,
    "influence": 3,
    "zone": 3
  },
  {
    "character": "Azzahrazade MKM",
    "id": 24,
    "influence": 3,
    "zone": 0
  },
  {
    "character": "Firman Soebagyo",
    "id": 25,
    "influence": 3,
    "zone": 3
  },
  {
    "character": "Ekananta Nikky Indragiri S.H",
    "id": 26,
    "influence": 3,
    "zone": 0
  },
  {
    "character": "Hj. Itje Siti Dewi Kuraesin",
    "id": 27,
    "influence": 3,
    "zone": 3
  },
  {
    "character": "Ir H. Lili Asdjudiredja S.E.",
    "id": 28,
    "influence": 3,
    "zone": 0
  },
  {
    "character": "Andika Pandu Puragabaya",
    "id": 29,
    "influence": 3,
    "zone": 3
  },
  {
    "character": "Ardhya Pratiwi S.",
    "id": 30,
    "influence": 3,
    "zone": 3
  },
  {
    "character": "H. Cucun Ahmad Syamsurijal",
    "id": 31,
    "influence": 3,
    "zone": 3
  },
  {
    "character": "Drs H. Marwan Effendi SH.",
    "id": 32,
    "influence": 3,
    "zone": 0
  },
  {
    "character": "Ir ABD Kadir Assegaf",
    "id": 33,
    "influence": 3,
    "zone": 0
  },
  {
    "character": "Kamila",
    "id": 34,
    "influence": 3,
    "zone": 0
  },
  {
    "character": "Abdul Hakim Achmad Aituarauw",
    "id": 35,
    "influence": 3,
    "zone": 0
  },
  {
    "character": "Erna Fonataba",
    "id": 36,
    "influence": 3,
    "zone": 0
  },
  {
    "character": "Abdul Manap",
    "id": 37,
    "influence": 3,
    "zone": 0
  },
  {
    "character": "Faisol",
    "id": 38,
    "influence": 3,
    "zone": 0
  },
  {
    "character": "Drs. H Abdul Wahab Sinambela Med",
    "id": 39,
    "influence": 3,
    "zone": 0
  },
  {
    "character": "Erma Kusumawati SE",
    "id": 40,
    "influence": 3,
    "zone": 0
  },
  {
    "character": "Aldanalia Delvi",
    "id": 41,
    "influence": 3,
    "zone": 0
  },
  {
    "character": "Eka Hadi Sucipto SE.",
    "id": 42,
    "influence": 3,
    "zone": 0
  },
  {
    "character": "Andi Rusnadi",
    "id": 43,
    "influence": 3,
    "zone": 0
  },
  {
    "character": "Marta Vonni",
    "id": 44,
    "influence": 3,
    "zone": 0
  },
  {
    "character": "Andi Sutomo",
    "id": 45,
    "influence": 3,
    "zone": 0
  },
  {
    "character": "R. Wijaya DG Mappasomba S.Kom.I",
    "id": 46,
    "influence": 3,
    "zone": 0
  },
  {
    "character": "Anggraita Dwi Agus Lestari",
    "id": 47,
    "influence": 3,
    "zone": 0
  },
  {
    "character": "H. Fauzan S.Pd",
    "id": 48,
    "influence": 3,
    "zone": 0
  },
  {
    "character": "Anugrah Amalia Cahyani",
    "id": 49,
    "influence": 3,
    "zone": 0
  },
  {
    "character": "Yani Siti Juandani",
    "id": 50,
    "influence": 3,
    "zone": 0
  },
  {
    "character": "Dr drg Armelia Sari M.Kes",
    "id": 51,
    "influence": 3,
    "zone": 0
  },
  {
    "character": "Emir Baramuli M.B.A.",
    "id": 52,
    "influence": 3,
    "zone": 0
  },
  {
    "character": "Azis Subekti ST.",
    "id": 53,
    "influence": 3,
    "zone": 0
  },
  {
    "character": "Umi Homzah Zulfitri",
    "id": 54,
    "influence": 3,
    "zone": 0
  },
  {
    "character": "Cathy Ahadianty ST",
    "id": 55,
    "influence": 3,
    "zone": 0
  },
  {
    "character": "Mustofa Nahrawardaya",
    "id": 56,
    "influence": 3,
    "zone": 0
  },
  {
    "character": "Chairul Hidayat",
    "id": 57,
    "influence": 3,
    "zone": 0
  },
  {
    "character": "Kiptiyah",
    "id": 58,
    "influence": 3,
    "zone": 0
  },
  {
    "character": "Dewi Oktavianti",
    "id": 59,
    "influence": 3,
    "zone": 0
  },
  {
    "character": "Suprayogi",
    "id": 60,
    "influence": 3,
    "zone": 0
  },
  {
    "character": "Erlina Rasiman",
    "id": 61,
    "influence": 3,
    "zone": 0
  },
  {
    "character": "Yunisar Basir",
    "id": 62,
    "influence": 3,
    "zone": 0
  },
  {
    "character": "Farah Dini",
    "id": 63,
    "influence": 3,
    "zone": 0
  },
  {
    "character": "Gita Laksita S.Pd",
    "id": 64,
    "influence": 3,
    "zone": 0
  },
  {
    "character": "Dr Frida Medina Hayuputri S.Psi.",
    "id": 65,
    "influence": 3,
    "zone": 0
  },
  {
    "character": "Ricky Kurnia Margono S.H.",
    "id": 66,
    "influence": 3,
    "zone": 0
  },
  {
    "character": "Galuh Shahnaz Miranti",
    "id": 67,
    "influence": 3,
    "zone": 0
  },
  {
    "character": "Siti Habsyah Mayawati S.E.",
    "id": 68,
    "influence": 3,
    "zone": 0
  },
  {
    "character": "Githa Yulia Eka P",
    "id": 69,
    "influence": 3,
    "zone": 0
  },
  {
    "character": "Jaka Setiawan ST. M.Si",
    "id": 70,
    "influence": 3,
    "zone": 0
  },
  {
    "character": "H. Abbas Abubakar SH",
    "id": 71,
    "influence": 3,
    "zone": 0
  },
  {
    "character": "Yuli Endah Wulan Sari",
    "id": 72,
    "influence": 3,
    "zone": 0
  },
  {
    "character": "Drs H. Ibrahim Ishaka M.M.",
    "id": 73,
    "influence": 3,
    "zone": 0
  },
  {
    "character": "Drs H. Syamsudin",
    "id": 74,
    "influence": 3,
    "zone": 0
  },
  {
    "character": "H. Ismail SH.",
    "id": 75,
    "influence": 3,
    "zone": 0
  },
  {
    "character": "Santika Soraya",
    "id": 76,
    "influence": 3,
    "zone": 0
  },
  {
    "character": "Dr H. K. Edi Parmadi M.M.Pd",
    "id": 77,
    "influence": 3,
    "zone": 0
  },
  {
    "character": "Hj. Ai Sutriansih S.Sos",
    "id": 78,
    "influence": 3,
    "zone": 0
  },
  {
    "character": "Drs H. Priyo Budi Santoso M.AP",
    "id": 79,
    "influence": 3,
    "zone": 0
  },
  {
    "character": "Nadea Lazuardani Zahra",
    "id": 80,
    "influence": 3,
    "zone": 0
  },
  {
    "character": "Haposan Harianto Tobing",
    "id": 81,
    "influence": 3,
    "zone": 0
  },
  {
    "character": "Mery Kristina",
    "id": 82,
    "influence": 3,
    "zone": 0
  },
  {
    "character": "H. Musliha B.",
    "id": 83,
    "influence": 3,
    "zone": 0
  },
  {
    "character": "Ita Angelia",
    "id": 84,
    "influence": 3,
    "zone": 0
  },
  {
    "character": "Indah Muktiningtias S.E.",
    "id": 85,
    "influence": 3,
    "zone": 0
  },
  {
    "character": "Rissa Restiningrum",
    "id": 86,
    "influence": 3,
    "zone": 0
  },
  {
    "character": "Ir Irma Susana Handayani",
    "id": 87,
    "influence": 3,
    "zone": 0
  },
  {
    "character": "Ir Rusno Ombak Rahardjo",
    "id": 88,
    "influence": 3,
    "zone": 0
  },
  {
    "character": "Ismatul Fauzah S.H.",
    "id": 89,
    "influence": 3,
    "zone": 0
  },
  {
    "character": "Subariah",
    "id": 90,
    "influence": 3,
    "zone": 0
  },
  {
    "character": "Ismi Diang Meilan",
    "id": 91,
    "influence": 3,
    "zone": 0
  },
  {
    "character": "Yosan Mariani",
    "id": 92,
    "influence": 3,
    "zone": 0
  },
  {
    "character": "Hj. Kenia Khairunnisa S.Sos.",
    "id": 93,
    "influence": 3,
    "zone": 0
  },
  {
    "character": "Yuri Kemal Fadlullah S.H.",
    "id": 94,
    "influence": 3,
    "zone": 0
  },
  {
    "character": "KH. Mukhlis Effendi S.H.",
    "id": 95,
    "influence": 3,
    "zone": 0
  },
  {
    "character": "Zainul Munasichin",
    "id": 96,
    "influence": 3,
    "zone": 0
  },
  {
    "character": "Lisa Indah Hardianti",
    "id": 97,
    "influence": 3,
    "zone": 0
  },
  {
    "character": "Rika Aryasari Suhardi",
    "id": 98,
    "influence": 3,
    "zone": 0
  },
  {
    "character": "Liu Kim On",
    "id": 99,
    "influence": 3,
    "zone": 0
  },
  {
    "character": "Suci Mayang Sari ST.Ars",
    "id": 100,
    "influence": 3,
    "zone": 0
  },
  {
    "character": "M. Yunus",
    "id": 101,
    "influence": 3,
    "zone": 0
  },
  {
    "character": "Muhammad Nur Hayid",
    "id": 102,
    "influence": 3,
    "zone": 0
  },
  {
    "character": "Maria Vieany Pariyani",
    "id": 103,
    "influence": 3,
    "zone": 0
  },
  {
    "character": "Widya Ningsih",
    "id": 104,
    "influence": 3,
    "zone": 0
  },
  {
    "character": "Mubayanah",
    "id": 105,
    "influence": 3,
    "zone": 0
  },
  {
    "character": "Taryuni",
    "id": 106,
    "influence": 3,
    "zone": 0
  },
  {
    "character": "Muliati Saiman S.Si",
    "id": 107,
    "influence": 3,
    "zone": 0
  },
  {
    "character": "Wa Ode Ma Asra Manara",
    "id": 108,
    "influence": 3,
    "zone": 0
  },
  {
    "character": "H Mustofa Assegaf M.Si",
    "id": 109,
    "influence": 3,
    "zone": 0
  },
  {
    "character": "Suwiryo Ismail",
    "id": 110,
    "influence": 3,
    "zone": 0
  },
  {
    "character": "Nurus Solikah SE.",
    "id": 111,
    "influence": 3,
    "zone": 0
  },
  {
    "character": "Rita Syarifah",
    "id": 112,
    "influence": 3,
    "zone": 0
  },
  {
    "character": "R. Purwoko Julisasongko S.H.",
    "id": 113,
    "influence": 3,
    "zone": 0
  },
  {
    "character": "R. Syahlukman Panji S.H.",
    "id": 114,
    "influence": 3,
    "zone": 0
  },
  {
    "character": "Ria Dwi Astuti",
    "id": 115,
    "influence": 3,
    "zone": 0
  },
  {
    "character": "Yus Ariyanto S.Sos",
    "id": 116,
    "influence": 3,
    "zone": 0
  },
  {
    "character": "Siti Aisyah",
    "id": 117,
    "influence": 3,
    "zone": 0
  },
  {
    "character": "Sugiarto ST.",
    "id": 118,
    "influence": 3,
    "zone": 0
  },
  {
    "character": "Dr Stephanus M.Pd",
    "id": 119,
    "influence": 3,
    "zone": 0
  },
  {
    "character": "Vivi Teskri Lidia George SKM",
    "id": 120,
    "influence": 3,
    "zone": 0
  },
  {
    "character": "Dewa Taruna Nugraha S.Ked",
    "id": 121,
    "influence": 3,
    "zone": 0
  }
],
  "links": [{
      "source": 0,
      "target": 1,
      "weight": 20
    },
    {
      "source": 0,
      "target": 2,
      "weight": 20
    },
    {
      "source": 0,
      "target": 3,
      "weight": 20
    },
    {
      "source": 1,
      "target": 2,
      "weight": 20
    },
    {
      "source": 1,
      "target": 3,
      "weight": 20
    },
    {
      "source": 2,
      "target": 3,
      "weight": 20
    },
    {
      "source": 4,
      "target": 5,
      "weight": 20
    },
    {
      "source": 4,
      "target": 6,
      "weight": 20
    },
    {
      "source": 4,
      "target": 7,
      "weight": 20
    },
    {
      "source": 5,
      "target": 6,
      "weight": 20
    },
    {
      "source": 5,
      "target": 7,
      "weight": 20
    },
    {
      "source": 6,
      "target": 7,
      "weight": 20
    },
    {
      "source": 8,
      "target": 9,
      "weight": 20
    },
    {
      "source": 8,
      "target": 10,
      "weight": 20
    },
    {
      "source": 9,
      "target": 10,
      "weight": 20
    },
    {
      "source": 11,
      "target": 12,
      "weight": 20
    },
    {
      "source": 11,
      "target": 13,
      "weight": 20
    },
    {
      "source": 12,
      "target": 13,
      "weight": 20
    },
    {
      "source": 14,
      "target": 15,
      "weight": 20
    },
    {
      "source": 14,
      "target": 16,
      "weight": 20
    },
    {
      "source": 15,
      "target": 16,
      "weight": 20
    },
    {
      "source": 17,
      "target": 18,
      "weight": 20
    },
    {
      "source": 19,
      "target": 20,
      "weight": 20
    },
    {
      "source": 21,
      "target": 22,
      "weight": 20
    },
    {
      "source": 21,
      "target": 121,
      "weight": 20
    },
    {
      "source": 23,
      "target": 24,
      "weight": 20
    },
    {
      "source": 25,
      "target": 26,
      "weight": 20
    },
    {
      "source": 27,
      "target": 28,
      "weight": 20
    },
    {
      "source": 29,
      "target": 30,
      "weight": 20
    },
    {
      "source": 31,
      "target": 32,
      "weight": 20
    },
    {
      "source": 33,
      "target": 34,
      "weight": 20
    },
    {
      "source": 35,
      "target": 36,
      "weight": 20
    },
    {
      "source": 37,
      "target": 38,
      "weight": 20
    },
    {
      "source": 39,
      "target": 40,
      "weight": 20
    },
    {
      "source": 41,
      "target": 42,
      "weight": 20
    },
    {
      "source": 43,
      "target": 44,
      "weight": 20
    },
    {
      "source": 45,
      "target": 46,
      "weight": 20
    },
    {
      "source": 47,
      "target": 48,
      "weight": 20
    },
    {
      "source": 49,
      "target": 50,
      "weight": 20
    },
    {
      "source": 51,
      "target": 52,
      "weight": 20
    },
    {
      "source": 53,
      "target": 54,
      "weight": 20
    },
    {
      "source": 55,
      "target": 56,
      "weight": 20
    },
    {
      "source": 57,
      "target": 58,
      "weight": 20
    },
    {
      "source": 59,
      "target": 60,
      "weight": 20
    },
    {
      "source": 61,
      "target": 62,
      "weight": 20
    },
    {
      "source": 63,
      "target": 64,
      "weight": 20
    },
    {
      "source": 65,
      "target": 66,
      "weight": 20
    },
    {
      "source": 67,
      "target": 68,
      "weight": 20
    },
    {
      "source": 69,
      "target": 70,
      "weight": 20
    },
    {
      "source": 71,
      "target": 72,
      "weight": 20
    },
    {
      "source": 73,
      "target": 74,
      "weight": 20
    },
    {
      "source": 75,
      "target": 76,
      "weight": 20
    },
    {
      "source": 77,
      "target": 78,
      "weight": 20
    },
    {
      "source": 79,
      "target": 80,
      "weight": 20
    },
    {
      "source": 81,
      "target": 82,
      "weight": 20
    },
    {
      "source": 83,
      "target": 84,
      "weight": 20
    },
    {
      "source": 85,
      "target": 86,
      "weight": 20
    },
    {
      "source": 87,
      "target": 88,
      "weight": 20
    },
    {
      "source": 89,
      "target": 90,
      "weight": 20
    },
    {
      "source": 91,
      "target": 92,
      "weight": 20
    },
    {
      "source": 93,
      "target": 94,
      "weight": 20
    },
    {
      "source": 95,
      "target": 96,
      "weight": 20
    },
    {
      "source": 97,
      "target": 98,
      "weight": 20
    },
    {
      "source": 99,
      "target": 100,
      "weight": 20
    },
    {
      "source": 101,
      "target": 102,
      "weight": 20
    },
    {
      "source": 103,
      "target": 104,
      "weight": 20
    },
    {
      "source": 105,
      "target": 106,
      "weight": 20
    },
    {
      "source": 107,
      "target": 108,
      "weight": 20
    },
    {
      "source": 109,
      "target": 110,
      "weight": 20
    },
    {
      "source": 111,
      "target": 112,
      "weight": 20
    },
    {
      "source": 113,
      "target": 114,
      "weight": 20
    },
    {
      "source": 115,
      "target": 116,
      "weight": 20
    },
    {
      "source": 117,
      "target": 118,
      "weight": 20
    },
    {
      "source": 119,
      "target": 120,
      "weight": 20
    }
  ]
}