{
  "nodes": [
  {
    "character": "Ardherisa Marliza",
    "id": 0,
    "value": 14.332,
    "zone": 0
  },
  {
    "character": "Islam",
    "id": 1,
    "value": 10,
    "zone": 1
  },
  {
    "character": "Perempuan",
    "id": 2,
    "value": 10,
    "zone": 2
  },
  {
    "character": "Jawa Tengah VIII",
    "id": 3,
    "value": 10,
    "zone": 1
  },
  {
    "character": "Partai Solidaritas Indonesia",
    "id": 4,
    "value": 10,
    "zone": 1
  },
  {
    "character": "Belum Menikah",
    "id": 5,
    "value": 10,
    "zone": 1
  },
  {
    "character": "D4/S1",
    "id": 6,
    "value": 10,
    "zone": 1
  },
  {
    "character": "Swasta",
    "id": 7,
    "value": 10,
    "zone": 1
  },
  {
    "character": "Wetmen Sinaga SE",
    "id": 8,
    "value": 13.667,
    "zone": 3
  },
  {
    "character": "Katolik",
    "id": 9,
    "value": 10,
    "zone": 1
  },
  {
    "character": "Kalimantan Timur",
    "id": 10,
    "value": 10,
    "zone": 1
  },
  {
    "character": "Persatuan Indonesia",
    "id": 11,
    "value": 10,
    "zone": 1
  },
  {
    "character": "Sudah Menikah",
    "id": 12,
    "value": 10,
    "zone": 1
  },
  {
    "character": "S2",
    "id": 13,
    "value": 10,
    "zone": 1
  },
  {
    "character": "Pengacara",
    "id": 14,
    "value": 10,
    "zone": 1
  },
  {
    "character": "Hendarsam Marantoko SH",
    "id": 15,
    "value": 10,
    "zone": 4
  },
  {
    "character": "Lampung I",
    "id": 16,
    "value": 10,
    "zone": 1
  },
  {
    "character": "Partai Gerakan Indonesia Raya",
    "id": 17,
    "value": 10,
    "zone": 1
  },
  {
    "character": "Advokat",
    "id": 18,
    "value": 10,
    "zone": 1
  },
  {
    "character": "Laki-Laki",
    "id": 19,
    "value": 10,
    "zone": 2
  },
  {
    "character": "Drs. Muhammad Zubair M.Si",
    "id": 20,
    "value": 10,
    "zone": 5
  },
  {
    "character": "Jawa Timur V",
    "id": 21,
    "value": 10,
    "zone": 1
  },
  {
    "character": "Partai Kebangkitan Bangsa",
    "id": 22,
    "value": 10,
    "zone": 1
  }
],
  "links": [{
      "source": 0,
      "target": 1,
      "weight": 15
    },
    {
      "source": 0,
      "target": 2,
      "weight": 15
    },
    {
      "source": 0,
      "target": 3,
      "weight": 15
    },
    {
      "source": 0,
      "target": 4,
      "weight": 15
    },
    {
      "source": 0,
      "target": 5,
      "weight": 15
    },
    {
      "source": 0,
      "target": 6,
      "weight": 15
    },
    {
      "source": 0,
      "target": 7,
      "weight": 15
    },
    {
      "source": 0,
      "target": 8,
      "weight": 15
    },
    {
      "source": 0,
      "target": 15,
      "weight": 15
    },
    {
      "source": 0,
      "target": 20,
      "weight": 15
    },
    {
      "source": 8,
      "target": 9,
      "weight": 15
    },
    {
      "source": 8,
      "target": 19,
      "weight": 15
    },
    {
      "source": 8,
      "target": 10,
      "weight": 15
    },
    {
      "source": 8,
      "target": 11,
      "weight": 15
    },
    {
      "source": 8,
      "target": 12,
      "weight": 15
    },
    {
      "source": 8,
      "target": 13,
      "weight": 15
    },
    {
      "source": 8,
      "target": 14,
      "weight": 15
    },
    {
      "source": 8,
      "target": 0,
      "weight": 15
    },
    {
      "source": 8,
      "target": 15,
      "weight": 15
    },
    {
      "source": 8,
      "target": 20,
      "weight": 15
    },
    {
      "source": 15,
      "target": 1,
      "weight": 15
    },
    {
      "source": 15,
      "target": 19,
      "weight": 15
    },
    {
      "source": 15,
      "target": 16,
      "weight": 15
    },
    {
      "source": 15,
      "target": 17,
      "weight": 15
    },
    {
      "source": 15,
      "target": 12,
      "weight": 15
    },
    {
      "source": 15,
      "target": 6,
      "weight": 15
    },
    {
      "source": 15,
      "target": 18,
      "weight": 15
    },
    {
      "source": 15,
      "target": 0,
      "weight": 15
    },
    {
      "source": 15,
      "target": 8,
      "weight": 15
    },
    {
      "source": 15,
      "target": 20,
      "weight": 15
    },
    {
      "source": 20,
      "target": 1,
      "weight": 15
    },
    {
      "source": 20,
      "target": 19,
      "weight": 15
    },
    {
      "source": 20,
      "target": 22,
      "weight": 15
    },
    {
      "source": 20,
      "target": 21,
      "weight": 15
    },
    {
      "source": 20,
      "target": 12,
      "weight": 15
    },
    {
      "source": 20,
      "target": 13,
      "weight": 15
    },
    {
      "source": 20,
      "target": 7,
      "weight": 15
    },
    {
      "source": 20,
      "target": 0,
      "weight": 15
    },
    {
      "source": 20,
      "target": 8,
      "weight": 15
    },
    {
      "source": 20,
      "target": 15,
      "weight": 15
    }
  ]
}