{
  "nodes": [
  {
    "character": "Ahmad Jaya Adiguna [10]",
    "id": 0,
    "value": 10,
    "zone": 0
  },
  {
    "character": "Ardherisa Marliza [10]",
    "id": 1,
    "value": 10,
    "zone": 1
  },
  {
    "character": "Hendarsam Marantoko SH [10]",
    "id": 2,
    "value": 10,
    "zone": 1
  },
  {
    "character": "Monalisa S.Si [10]",
    "id": 3,
    "value": 10,
    "zone": 0
  },
  {
    "character": "Drs Muhammad Zubair M.Si [10]",
    "id": 4,
    "value": 10,
    "zone": 1
  },
  {
    "character": "Hj Sarimaya SE [10]",
    "id": 5,
    "value": 10,
    "zone": 0
  },
  {
    "character": "Sonya Rizky SE [10]",
    "id": 6,
    "value": 10,
    "zone": 0
  },
  {
    "character": "Wetmen Sinaga SE. [10]",
    "id": 7,
    "value": 10,
    "zone": 1
  },
  {
    "character": "H. Agung Widyantoro [9]",
    "id": 8,
    "value": 9,
    "zone": 9
  },
  {
    "character": "Ahmad Hanafi [9]",
    "id": 9,
    "value": 9,
    "zone": 10
  },
  {
    "character": "Islam",
    "id": 10,
    "value": 10,
    "zone": 2
  },
  {
    "character": "Katolik",
    "id": 11,
    "value": 10,
    "zone": 2
  },
  {
    "character": "Laki-laki",
    "id": 12,
    "value": 10,
    "zone": 3
  },
  {
    "character": "Perempuan",
    "id": 13,
    "value": 10,
    "zone": 3
  },
  {
    "character": "Jawa Barat X",
    "id": 14,
    "value": 10,
    "zone": 4
  },
  {
    "character": "Jawa Tengah VIII",
    "id": 15,
    "value": 10,
    "zone": 4
  },
  {
    "character": "Lampung I",
    "id": 16,
    "value": 10,
    "zone": 4
  },
  {
    "character": "Jawa Barat XI",
    "id": 17,
    "value": 10,
    "zone": 4
  },
  {
    "character": "Jawa Timur V",
    "id": 18,
    "value": 10,
    "zone": 4
  },
  {
    "character": "Jawa Barat VII",
    "id": 19,
    "value": 10,
    "zone": 4
  },
  {
    "character": "Kalimantan Timur",
    "id": 20,
    "value": 10,
    "zone": 4
  },
  {
    "character": "Jawa Tengah IX",
    "id": 21,
    "value": 10,
    "zone": 4
  },
  {
    "character": "Jawa Tengah X",
    "id": 22,
    "value": 10,
    "zone": 4
  },
  {
    "character": "Partai Berkarya",
    "id": 23,
    "value": 10,
    "zone": 5
  },
  {
    "character": "Partai Solidaritas Indonesia",
    "id": 24,
    "value": 10,
    "zone": 5
  },
  {
    "character": "Partai Gerakan Indonesia Raya",
    "id": 25,
    "value": 10,
    "zone": 5
  },
  {
    "character": "Partai Kebangkitan Bangsa",
    "id": 26,
    "value": 10,
    "zone": 5
  },
  {
    "character": "Persatuan Indonesia",
    "id": 27,
    "value": 10,
    "zone": 5
  },
  {
    "character": "Partai Golongan Karya",
    "id": 28,
    "value": 10,
    "zone": 5
  },
  {
    "character": "Partai Keadilan Sejahtera",
    "id": 29,
    "value": 10,
    "zone": 5
  },
  {
    "character": "Sudah Menikah",
    "id": 30,
    "value": 10,
    "zone": 6
  },
  {
    "character": "Belum Menikah",
    "id": 31,
    "value": 10,
    "zone": 6
  },
  {
    "character": "Pernah Menikah",
    "id": 32,
    "value": 10,
    "zone": 6
  },
  {
    "character": "SMA/Sederajat",
    "id": 33,
    "value": 10,
    "zone": 7
  },
  {
    "character": "D4/S1",
    "id": 34,
    "value": 10,
    "zone": 7
  },
  {
    "character": "S2",
    "id": 35,
    "value": 10,
    "zone": 7
  },
  {
    "character": "Swasta",
    "id": 36,
    "value": 10,
    "zone": 8
  },
  {
    "character": "Advokat",
    "id": 37,
    "value": 10,
    "zone": 8
  },
  {
    "character": "Pengacara",
    "id": 38,
    "value": 10,
    "zone": 8
  },
  {
    "character": "Anggota DPR 2014-2019",
    "id": 39,
    "value": 10,
    "zone": 8
  },
  {
    "character": "Merry Tiffani S.K.M [9]",
    "id": 40,
    "value": 9,
    "zone": 9
  },
  {
    "character": "Dewa Taruna Nugraha S.Ked [9]",
    "id": 41,
    "value": 9,
    "zone": 9
  },
  {
    "character": "Iin Indarwati [9]",
    "id": 42,
    "value": 9,
    "zone": 10
  },
  {
    "character": "Herniati [9]",
    "id": 43,
    "value": 9,
    "zone": 10
  },
  {
    "character": "Aparatur Sipil Negara",
    "id": 44,
    "value": 10,
    "zone": 8
  },
  {
    "character": "Wiraswasta",
    "id": 45,
    "value": 10,
    "zone": 8
  },
  {
    "character": "Jawa Tengah V",
    "id": 46,
    "value": 10,
    "zone": 4
  },
  {
    "character": "Partai Bulan Bintang",
    "id": 47,
    "value": 10,
    "zone": 5
  }
],
  "links": [{
      "source": 0,
      "target": 10,
      "weight": 10
    },
    {
      "source": 0,
      "target": 12,
      "weight": 10
    },
    {
      "source": 0,
      "target": 14,
      "weight": 10
    },
    {
      "source": 0,
      "target": 23,
      "weight": 10
    },
    {
      "source": 0,
      "target": 30,
      "weight": 10
    },
    {
      "source": 0,
      "target": 33,
      "weight": 10
    },
    {
      "source": 0,
      "target": 36,
      "weight": 10
    },
    {
      "source": 0,
      "target": 3,
      "weight": 10
    },
    {
      "source": 0,
      "target": 5,
      "weight": 10
    },
    {
      "source": 0,
      "target": 6,
      "weight": 10
    },
    {
      "source": 1,
      "target": 10,
      "weight": 10
    },
    {
      "source": 1,
      "target": 13,
      "weight": 10
    },
    {
      "source": 1,
      "target": 15,
      "weight": 10
    },
    {
      "source": 1,
      "target": 24,
      "weight": 10
    },
    {
      "source": 1,
      "target": 31,
      "weight": 10
    },
    {
      "source": 1,
      "target": 34,
      "weight": 10
    },
    {
      "source": 1,
      "target": 36,
      "weight": 10
    },
    {
      "source": 1,
      "target": 2,
      "weight": 10
    },
    {
      "source": 1,
      "target": 4,
      "weight": 10
    },
    {
      "source": 1,
      "target": 7,
      "weight": 10
    },
    {
      "source": 2,
      "target": 10,
      "weight": 10
    },
    {
      "source": 2,
      "target": 12,
      "weight": 10
    },
    {
      "source": 2,
      "target": 16,
      "weight": 10
    },
    {
      "source": 2,
      "target": 25,
      "weight": 10
    },
    {
      "source": 2,
      "target": 30,
      "weight": 10
    },
    {
      "source": 2,
      "target": 34,
      "weight": 10
    },
    {
      "source": 2,
      "target": 37,
      "weight": 10
    },
    {
      "source": 2,
      "target": 7,
      "weight": 10
    },
    {
      "source": 2,
      "target": 4,
      "weight": 10
    },
    {
      "source": 2,
      "target": 1,
      "weight": 10
    },
    {
      "source": 3,
      "target": 10,
      "weight": 10
    },
    {
      "source": 3,
      "target": 13,
      "weight": 10
    },
    {
      "source": 3,
      "target": 17,
      "weight": 10
    },
    {
      "source": 3,
      "target": 23,
      "weight": 10
    },
    {
      "source": 3,
      "target": 32,
      "weight": 10
    },
    {
      "source": 3,
      "target": 35,
      "weight": 10
    },
    {
      "source": 3,
      "target": 36,
      "weight": 10
    },
    {
      "source": 3,
      "target": 6,
      "weight": 10
    },
    {
      "source": 3,
      "target": 5,
      "weight": 10
    },
    {
      "source": 3,
      "target": 0,
      "weight": 10
    },
    {
      "source": 4,
      "target": 10,
      "weight": 10
    },
    {
      "source": 4,
      "target": 12,
      "weight": 10
    },
    {
      "source": 4,
      "target": 18,
      "weight": 10
    },
    {
      "source": 4,
      "target": 26,
      "weight": 10
    },
    {
      "source": 4,
      "target": 30,
      "weight": 10
    },
    {
      "source": 4,
      "target": 35,
      "weight": 10
    },
    {
      "source": 4,
      "target": 36,
      "weight": 10
    },
    {
      "source": 4,
      "target": 7,
      "weight": 10
    },
    {
      "source": 4,
      "target": 2,
      "weight": 10
    },
    {
      "source": 4,
      "target": 1,
      "weight": 10
    },
    {
      "source": 5,
      "target": 10,
      "weight": 10
    },
    {
      "source": 5,
      "target": 13,
      "weight": 10
    },
    {
      "source": 5,
      "target": 17,
      "weight": 10
    },
    {
      "source": 5,
      "target": 23,
      "weight": 10
    },
    {
      "source": 5,
      "target": 32,
      "weight": 10
    },
    {
      "source": 5,
      "target": 35,
      "weight": 10
    },
    {
      "source": 5,
      "target": 36,
      "weight": 10
    },
    {
      "source": 5,
      "target": 6,
      "weight": 10
    },
    {
      "source": 5,
      "target": 3,
      "weight": 10
    },
    {
      "source": 5,
      "target": 0,
      "weight": 10
    },
    {
      "source": 6,
      "target": 10,
      "weight": 10
    },
    {
      "source": 6,
      "target": 13,
      "weight": 10
    },
    {
      "source": 6,
      "target": 19,
      "weight": 10
    },
    {
      "source": 6,
      "target": 23,
      "weight": 10
    },
    {
      "source": 6,
      "target": 30,
      "weight": 10
    },
    {
      "source": 6,
      "target": 34,
      "weight": 10
    },
    {
      "source": 6,
      "target": 36,
      "weight": 10
    },
    {
      "source": 6,
      "target": 5,
      "weight": 10
    },
    {
      "source": 6,
      "target": 3,
      "weight": 10
    },
    {
      "source": 6,
      "target": 0,
      "weight": 10
    },
    {
      "source": 7,
      "target": 11,
      "weight": 10
    },
    {
      "source": 7,
      "target": 12,
      "weight": 10
    },
    {
      "source": 7,
      "target": 20,
      "weight": 10
    },
    {
      "source": 7,
      "target": 27,
      "weight": 10
    },
    {
      "source": 7,
      "target": 30,
      "weight": 10
    },
    {
      "source": 7,
      "target": 35,
      "weight": 10
    },
    {
      "source": 7,
      "target": 38,
      "weight": 10
    },
    {
      "source": 7,
      "target": 4,
      "weight": 10
    },
    {
      "source": 7,
      "target": 2,
      "weight": 10
    },
    {
      "source": 7,
      "target": 1,
      "weight": 10
    },
    {
      "source": 8,
      "target": 10,
      "weight": 10
    },
    {
      "source": 8,
      "target": 12,
      "weight": 10
    },
    {
      "source": 8,
      "target": 21,
      "weight": 10
    },
    {
      "source": 8,
      "target": 28,
      "weight": 10
    },
    {
      "source": 8,
      "target": 30,
      "weight": 10
    },
    {
      "source": 8,
      "target": 35,
      "weight": 10
    },
    {
      "source": 8,
      "target": 39,
      "weight": 10
    },
    {
      "source": 8,
      "target": 40,
      "weight": 10
    },
    {
      "source": 8,
      "target": 41,
      "weight": 10
    },
    {
      "source": 9,
      "target": 10,
      "weight": 10
    },
    {
      "source": 9,
      "target": 12,
      "weight": 10
    },
    {
      "source": 9,
      "target": 22,
      "weight": 10
    },
    {
      "source": 9,
      "target": 29,
      "weight": 10
    },
    {
      "source": 9,
      "target": 30,
      "weight": 10
    },
    {
      "source": 9,
      "target": 34,
      "weight": 10
    },
    {
      "source": 9,
      "target": 36,
      "weight": 10
    },
    {
      "source": 9,
      "target": 42,
      "weight": 10
    },
    {
      "source": 9,
      "target": 43,
      "weight": 10
    },
    {
      "source": 40,
      "target": 10,
      "weight": 10
    },
    {
      "source": 40,
      "target": 13,
      "weight": 10
    },
    {
      "source": 40,
      "target": 21,
      "weight": 10
    },
    {
      "source": 40,
      "target": 28,
      "weight": 10
    },
    {
      "source": 40,
      "target": 30,
      "weight": 10
    },
    {
      "source": 40,
      "target": 34,
      "weight": 10
    },
    {
      "source": 40,
      "target": 44,
      "weight": 10
    },
    {
      "source": 40,
      "target": 41,
      "weight": 10
    },
    {
      "source": 40,
      "target": 8,
      "weight": 10
    },
    {
      "source": 41,
      "target": 10,
      "weight": 10
    },
    {
      "source": 41,
      "target": 12,
      "weight": 10
    },
    {
      "source": 41,
      "target": 15,
      "weight": 10
    },
    {
      "source": 41,
      "target": 28,
      "weight": 10
    },
    {
      "source": 41,
      "target": 30,
      "weight": 10
    },
    {
      "source": 41,
      "target": 34,
      "weight": 10
    },
    {
      "source": 41,
      "target": 45,
      "weight": 10
    },
    {
      "source": 41,
      "target": 40,
      "weight": 10
    },
    {
      "source": 41,
      "target": 8,
      "weight": 10
    },
    {
      "source": 42,
      "target": 10,
      "weight": 10
    },
    {
      "source": 42,
      "target": 13,
      "weight": 10
    },
    {
      "source": 42,
      "target": 46,
      "weight": 10
    },
    {
      "source": 42,
      "target": 47,
      "weight": 10
    },
    {
      "source": 42,
      "target": 30,
      "weight": 10
    },
    {
      "source": 42,
      "target": 33,
      "weight": 10
    },
    {
      "source": 42,
      "target": 36,
      "weight": 10
    },
    {
      "source": 42,
      "target": 43,
      "weight": 10
    },
    {
      "source": 42,
      "target": 9,
      "weight": 10
    },
    {
      "source": 43,
      "target": 10,
      "weight": 10
    },
    {
      "source": 43,
      "target": 13,
      "weight": 10
    },
    {
      "source": 43,
      "target": 16,
      "weight": 10
    },
    {
      "source": 43,
      "target": 24,
      "weight": 10
    },
    {
      "source": 43,
      "target": 30,
      "weight": 10
    },
    {
      "source": 43,
      "target": 33,
      "weight": 10
    },
    {
      "source": 43,
      "target": 36,
      "weight": 10
    },
    {
      "source": 43,
      "target": 42,
      "weight": 10
    },
    {
      "source": 43,
      "target": 9,
      "weight": 10
    }
  ]
}