{
  "nodes": [
  {
    "character": "Ahmad Jaya Adiguna",
    "id": 0,
    "value": 10,
    "zone": 0
  },
  {
    "character": "Ardherisa Marliza",
    "id": 1,
    "value": 10,
    "zone": 1
  },
  {
    "character": "Hendarsam Marantoko SH",
    "id": 2,
    "value": 10,
    "zone": 1
  },
  {
    "character": "Monalisa S.Si",
    "id": 3,
    "value": 10,
    "zone": 0
  },
  {
    "character": "Drs Muhammad Zubair M.Si",
    "id": 4,
    "value": 10,
    "zone": 1
  },
  {
    "character": "Hj Sarimaya SE",
    "id": 5,
    "value": 10,
    "zone": 0
  },
  {
    "character": "Sonya Rizky SE",
    "id": 6,
    "value": 10,
    "zone": 0
  },
  {
    "character": "Wetmen Sinaga SE.",
    "id": 7,
    "value": 10,
    "zone": 1
  },
  {
    "character": "H. Agung Widyantoro",
    "id": 8,
    "value": 9,
    "zone": 4
  },
  {
    "character": "Ahmad Hanafi",
    "id": 9,
    "value": 9,
    "zone": 3
  },
  {
    "character": "Merry Tiffani S.K.M",
    "id": 10,
    "value": 9,
    "zone": 2
  },
  {
    "character": "Dewa Taruna Nugraha S.Ked",
    "id": 11,
    "value": 9,
    "zone": 2
  },
  {
    "character": "Iin Indarwati",
    "id": 12,
    "value": 9,
    "zone": 3
  },
  {
    "character": "Herniati",
    "id": 13,
    "value": 9,
    "zone": 3
  }
],
  "links": [{
      "source": 0,
      "target": 3,
      "weight": 10
    },
    {
      "source": 0,
      "target": 5,
      "weight": 10
    },
    {
      "source": 0,
      "target": 6,
      "weight": 10
    },
    {
      "source": 1,
      "target": 2,
      "weight": 10
    },
    {
      "source": 1,
      "target": 4,
      "weight": 10
    },
    {
      "source": 1,
      "target": 7,
      "weight": 10
    },
    {
      "source": 2,
      "target": 7,
      "weight": 10
    },
    {
      "source": 2,
      "target": 4,
      "weight": 10
    },
    {
      "source": 2,
      "target": 1,
      "weight": 10
    },
    {
      "source": 3,
      "target": 6,
      "weight": 10
    },
    {
      "source": 3,
      "target": 5,
      "weight": 10
    },
    {
      "source": 3,
      "target": 0,
      "weight": 10
    },
    {
      "source": 4,
      "target": 7,
      "weight": 10
    },
    {
      "source": 4,
      "target": 2,
      "weight": 10
    },
    {
      "source": 4,
      "target": 1,
      "weight": 10
    },
    {
      "source": 5,
      "target": 6,
      "weight": 10
    },
    {
      "source": 5,
      "target": 3,
      "weight": 10
    },
    {
      "source": 5,
      "target": 0,
      "weight": 10
    },
    {
      "source": 6,
      "target": 5,
      "weight": 10
    },
    {
      "source": 6,
      "target": 3,
      "weight": 10
    },
    {
      "source": 6,
      "target": 0,
      "weight": 10
    },
    {
      "source": 7,
      "target": 4,
      "weight": 10
    },
    {
      "source": 7,
      "target": 2,
      "weight": 10
    },
    {
      "source": 7,
      "target": 1,
      "weight": 10
    },
    {
      "source": 8,
      "target": 10,
      "weight": 10
    },
    {
      "source": 8,
      "target": 11,
      "weight": 10
    },
    {
      "source": 9,
      "target": 12,
      "weight": 10
    },
    {
      "source": 9,
      "target": 13,
      "weight": 10
    },
    {
      "source": 10,
      "target": 11,
      "weight": 10
    },
    {
      "source": 10,
      "target": 8,
      "weight": 10
    },
    {
      "source": 11,
      "target": 10,
      "weight": 10
    },
    {
      "source": 11,
      "target": 8,
      "weight": 10
    },
    {
      "source": 12,
      "target": 13,
      "weight": 10
    },
    {
      "source": 12,
      "target": 9,
      "weight": 10
    },
    {
      "source": 13,
      "target": 12,
      "weight": 10
    },
    {
      "source": 13,
      "target": 9,
      "weight": 10
    }
  ]
}